anio,funcion,nombre,nombre_clean,primer_apellido,era
1538,Conquistador,Gonzalo Jiménez de Quesada,Gonzalo Jiménez de Quesada,Jiménez,Colonial temprana (1538-1699)
1539,Alcaldes,Don Jerónimo de Lainza,Jerónimo de Lainza,De Lainza,Colonial temprana (1538-1699)
1540,Alcalde,Capitán Antonio Díaz Cardozo,Antonio Díaz Cardozo,Díaz,Colonial temprana (1538-1699)
1541,Alcaldes,Don Juan Tafur,Juan Tafur,Tafur,Colonial temprana (1538-1699)
1542,Alcaldes,Don Hernán Vanegas,Hernán Vanegas,Vanegas,Colonial temprana (1538-1699)
1543,Alcaldes,Don Juan de Céspedes,Juan de Céspedes,De Céspedes,Colonial temprana (1538-1699)
1544,Alcaldes,Don Juan Ruiz de Orejuela,Juan Ruiz de Orejuela,Ruiz,Colonial temprana (1538-1699)
1545,Alcaldes,Don Juan Ruiz de Orejuela,Juan Ruiz de Orejuela,Ruiz,Colonial temprana (1538-1699)
1546,Alcaldes,Don Juan de Céspedes,Juan de Céspedes,De Céspedes,Colonial temprana (1538-1699)
1547,Alcaldes,Don Pedro de Colmenares,Pedro de Colmenares,De Colmenares,Colonial temprana (1538-1699)
1548,Alcaldes,Don Gonzalo García Zorro,Gonzalo García Zorro,García,Colonial temprana (1538-1699)
1549,Alcaldes,Don Juan Ruiz de Orejuela,Juan Ruiz de Orejuela,Ruiz,Colonial temprana (1538-1699)
1550,Alcaldes,Don Gonzalo García Zorro,Gonzalo García Zorro,García,Colonial temprana (1538-1699)
1551,Alcaldes,Don Juan Ruiz de Orejuela,Juan Ruiz de Orejuela,Ruiz,Colonial temprana (1538-1699)
1552,Alcaldes,Don Juan Tafur,Juan Tafur,Tafur,Colonial temprana (1538-1699)
1553,Alcaldes,Don Juan de Rivera,Juan de Rivera,De Rivera,Colonial temprana (1538-1699)
1554,Alcaldes,Don Juan Tafur,Juan Tafur,Tafur,Colonial temprana (1538-1699)
1555,Alcaldes,Don Andrés López de Galarza,Andrés López de Galarza,López,Colonial temprana (1538-1699)
1556,Alcaldes,Don Gonzalo García Zorro,Gonzalo García Zorro,García,Colonial temprana (1538-1699)
1557,Alcaldes,Don Juan de Ortega,Juan de Ortega,De Ortega,Colonial temprana (1538-1699)
1558,Alcaldes,Don Antón de Olaya,Antón de Olaya,De Olaya,Colonial temprana (1538-1699)
1559,Alcaldes,Don Juan Tafur,Juan Tafur,Tafur,Colonial temprana (1538-1699)
1560,Alcaldes,Don Juan Ruiz de Orejuela,Juan Ruiz de Orejuela,Ruiz,Colonial temprana (1538-1699)
1561,Alcaldes,Don Francisco de Figueredo,Francisco de Figueredo,De Figueredo,Colonial temprana (1538-1699)
1562,Alcaldes,Don Juan de Rivera,Juan de Rivera,De Rivera,Colonial temprana (1538-1699)
1563,Alcaldes,Don Alonso de Olaya,Alonso de Olaya,De Olaya,Colonial temprana (1538-1699)
1564,Alcaldes,Don Gonzalo García Zorro,Gonzalo García Zorro,García,Colonial temprana (1538-1699)
1565,Alcaldes,Don Juan Ruiz de Orejuela,Juan Ruiz de Orejuela,Ruiz,Colonial temprana (1538-1699)
1566,Alcaldes,Don Juan de Penagos,Juan de Penagos,De Penagos,Colonial temprana (1538-1699)
1567,Alcaldes,Don Antón de Olaya,Antón de Olaya,De Olaya,Colonial temprana (1538-1699)
1568,Alcaldes,Don Gonzalo de Ledesma,Gonzalo de Ledesma,De Ledesma,Colonial temprana (1538-1699)
1569,Alcaldes,Don Cristóbal Gómez,Cristóbal Gómez,Gómez,Colonial temprana (1538-1699)
1570,Alcaldes,Don Lorenzo Bernaldes,Lorenzo Bernaldes,Bernaldes,Colonial temprana (1538-1699)
1571,Alcaldes,Don Juan Tafur,Juan Tafur,Tafur,Colonial temprana (1538-1699)
1572,Alcaldes,Don Antonio Díaz Cardoso,Antonio Díaz Cardoso,Díaz,Colonial temprana (1538-1699)
1573,Alcaldes,Don Antonio de Olaya,Antonio de Olaya,De Olaya,Colonial temprana (1538-1699)
1574,Alcaldes,Don Juan Montalvo,Juan Montalvo,Montalvo,Colonial temprana (1538-1699)
1575,Alcaldes,Don Francisco de Santiago,Francisco de Santiago,De Santiago,Colonial temprana (1538-1699)
1576,Alcaldes,Don Juan de Ortega,Juan de Ortega,De Ortega,Colonial temprana (1538-1699)
1577,Alcaldes,Don Juan de Otálora,Juan de Otálora,De Otálora,Colonial temprana (1538-1699)
1578,Alcaldes,Don Gonzalo Rodríguez de Ledesma,Gonzalo Rodríguez de Ledesma,Rodríguez,Colonial temprana (1538-1699)
1579,Alcaldes,Don Alfonso de Olaya,Alfonso de Olaya,De Olaya,Colonial temprana (1538-1699)
1580,Alcaldes,Don Diego Chamoso,Diego Chamoso,Chamoso,Colonial temprana (1538-1699)
1581,Alcaldes,Don Hernando de Velasco Angulo,Hernando de Velasco Angulo,De Velasco,Colonial temprana (1538-1699)
1582,Alcaldes,Don Juan de Montalvo,Juan de Montalvo,De Montalvo,Colonial temprana (1538-1699)
1583,Alcaldes,Don Juan de Olmos,Juan de Olmos,De Olmos,Colonial temprana (1538-1699)
1584,Alcaldes,Don Diego de Hidalgo,Diego de Hidalgo,De Hidalgo,Colonial temprana (1538-1699)
1585,Alcaldes,Don Luis de Colmenares,Luis de Colmenares,De Colmenares,Colonial temprana (1538-1699)
1586,Alcaldes,Don Juan de Olmos,Juan de Olmos,De Olmos,Colonial temprana (1538-1699)
1587,Alcaldes,Don Hernando de Alcozer,Hernando de Alcozer,De Alcozer,Colonial temprana (1538-1699)
1588,Alcaldes,Don Diego de Hidalgo,Diego de Hidalgo,De Hidalgo,Colonial temprana (1538-1699)
1589,Alcaldes,Don Luis de Colmenares,Luis de Colmenares,De Colmenares,Colonial temprana (1538-1699)
1590,Alcaldes,Don Gaspar López Salgado,Gaspar López Salgado,López,Colonial temprana (1538-1699)
1591,Alcaldes,Don Diego de Hidalgo,Diego de Hidalgo,De Hidalgo,Colonial temprana (1538-1699)
1592,Alcaldes,Don Luis de Colmenares,Luis de Colmenares,De Colmenares,Colonial temprana (1538-1699)
1593,Alcaldes,Don Gaspar López Salgado,Gaspar López Salgado,López,Colonial temprana (1538-1699)
1594,Alcaldes,Don Luis de Pernía,Luis de Pernía,De Pernía,Colonial temprana (1538-1699)
1595,Alcaldes,Don Juan de Guzmán,Juan de Guzmán,De Guzmán,Colonial temprana (1538-1699)
1596,Alcaldes,Don Gaspar López Salgado,Gaspar López Salgado,López,Colonial temprana (1538-1699)
1597,Alcaldes,Don Luis de Colmenares,Luis de Colmenares,De Colmenares,Colonial temprana (1538-1699)
1598,Alcaldes,Don Francisco Gómez de de la Cruz,Francisco Gómez de de la Cruz,Gómez,Colonial temprana (1538-1699)
1599,Alcaldes,Don Francisco Rodríguez Galeano,Francisco Rodríguez Galeano,Rodríguez,Colonial temprana (1538-1699)
1600,Alcaldes,Don Gaspar López Salgado,Gaspar López Salgado,López,Colonial temprana (1538-1699)
1601,Alcaldes,Don Juan Bautista Bermeo,Juan Bautista Bermeo,Bautista,Colonial temprana (1538-1699)
1602,Alcaldes,Don Francisco de Berrio,Francisco de Berrio,De Berrio,Colonial temprana (1538-1699)
1603,Alcaldes,Don Fernando de Caycedo,Fernando de Caycedo,De Caycedo,Colonial temprana (1538-1699)
1604,Alcaldes,Don Gonzalo de León V.,Gonzalo de León V.,De León,Colonial temprana (1538-1699)
1605,Alcaldes,Don Lope de Céspedes,Lope de Céspedes,De Céspedes,Colonial temprana (1538-1699)
1606,Alcaldes,Don Martín de Vergazo,Martín de Vergazo,De Vergazo,Colonial temprana (1538-1699)
1607,Alcaldes,Don Juan de Valladolid,Juan de Valladolid,De Valladolid,Colonial temprana (1538-1699)
1608,Alcaldes,Don Francisco de Berrio,Francisco de Berrio,De Berrio,Colonial temprana (1538-1699)
1609,Alcaldes,Don Francisco Gómez de la Cruz,Francisco Gómez de la Cruz,Gómez,Colonial temprana (1538-1699)
1610,Alcaldes,Don Juan del Rio,Juan del Rio,Del Rio,Colonial temprana (1538-1699)
1611,Alcaldes,Don Gómez Suárez de Figueroa,Gómez Suárez de Figueroa,Suárez,Colonial temprana (1538-1699)
1612,Alcaldes,Don Pedro Ruiz de Otálora y Másmela,Pedro Ruiz de Otálora y Másmela,Ruiz,Colonial temprana (1538-1699)
1613,Alcaldes,Don Luis de Colmenares,Luis de Colmenares,De Colmenares,Colonial temprana (1538-1699)
1614,Alcaldes,Don Luis de Henriquez,Luis de Henriquez,De Henriquez,Colonial temprana (1538-1699)
1615,Alcaldes,Don Francisco Félix Beltrán de Caycedo,Francisco Félix Beltrán de Caycedo,Félix,Colonial temprana (1538-1699)
1616,Alcaldes,Don Pedro de Otálora,Pedro de Otálora,De Otálora,Colonial temprana (1538-1699)
1617,Alcaldes,Don Francisco Gómez de la Cruz,Francisco Gómez de la Cruz,Gómez,Colonial temprana (1538-1699)
1618,Gobernador - Alcalde,Don Antonio Olaya Herrera,Antonio Olaya Herrera,Olaya,Colonial temprana (1538-1699)
1619,Alcaldes,Don Alonso de Mayorga,Alonso de Mayorga,De Mayorga,Colonial temprana (1538-1699)
1620,Alcaldes,Don Cristóbal Clavijo,Cristóbal Clavijo,Clavijo,Colonial temprana (1538-1699)
1621,Alcaldes,Don Gonzalo de León,Gonzalo de León,De León,Colonial temprana (1538-1699)
1622,Alcaldes,Don Francisco Rodríguez Galeano,Francisco Rodríguez Galeano,Rodríguez,Colonial temprana (1538-1699)
1623,Alcaldes,Don Iñigo de Alviz,Iñigo de Alviz,De Alviz,Colonial temprana (1538-1699)
1624,Alcaldes,Don Juan Clemente de Chaves,Juan Clemente de Chaves,Clemente,Colonial temprana (1538-1699)
1625,Alcaldes,Don Juan Suárez de Orejuela,Juan Suárez de Orejuela,Suárez,Colonial temprana (1538-1699)
1626,Alcaldes,Don Luis de Colmenares,Luis de Colmenares,De Colmenares,Colonial temprana (1538-1699)
1627,Alcaldes,Don Diego de Bravo,Diego de Bravo,De Bravo,Colonial temprana (1538-1699)
1628,Alcaldes,Don José de Rojas,José de Rojas,De Rojas,Colonial temprana (1538-1699)
1629,Alcaldes,Don Cristobal Gómez de Silva,Cristobal Gómez de Silva,Gómez,Colonial temprana (1538-1699)
1630,Alcaldes,Don Pedro de Otálora,Pedro de Otálora,De Otálora,Colonial temprana (1538-1699)
1631,Alcaldes,Don Cristóbal Clavijo,Cristóbal Clavijo,Clavijo,Colonial temprana (1538-1699)
1632,Alcaldes,Don Martín de Berganza,Martín de Berganza,De Berganza,Colonial temprana (1538-1699)
1633,Alcaldes,Don Juan Francisco Rodríguez Galeano,Juan Francisco Rodríguez Galeano,Francisco,Colonial temprana (1538-1699)
1634,Alcaldes,Don Andrés Pérez de Pisa,Andrés Pérez de Pisa,Pérez,Colonial temprana (1538-1699)
1635,Alcaldes,Don Juan Francisco Rodríguez Galeano,Juan Francisco Rodríguez Galeano,Francisco,Colonial temprana (1538-1699)
1636,Alcaldes,Don Antonio de Olaya,Antonio de Olaya,De Olaya,Colonial temprana (1538-1699)
1637,Alcaldes,Don Luis de Berrio,Luis de Berrio,De Berrio,Colonial temprana (1538-1699)
1638,Alcaldes,Don Francisco de Ospina M.,Francisco de Ospina M.,De Ospina,Colonial temprana (1538-1699)
1639,Alcaldes,Don Simón de Sosa,Simón de Sosa,De Sosa,Colonial temprana (1538-1699)
1640,Alcaldes,Don Francisco Sarmiento,Francisco Sarmiento,Sarmiento,Colonial temprana (1538-1699)
1641,Alcaldes,Don Juan de Papiain,Juan de Papiain,De Papiain,Colonial temprana (1538-1699)
1642,Alcaldes,Don Francisco Beltrán de Caycedo,Francisco Beltrán de Caycedo,Beltrán,Colonial temprana (1538-1699)
1643,Alcaldes,Don José de Pisa,José de Pisa,De Pisa,Colonial temprana (1538-1699)
1644,Alcaldes,Don Andrés de Herrera y Calderón,Andrés de Herrera y Calderón,De Herrera,Colonial temprana (1538-1699)
1645,Alcaldes,Don Pedro de Salazar Falcón,Pedro de Salazar Falcón,De Salazar,Colonial temprana (1538-1699)
1646,Alcaldes,Don Luis de Berrio,Luis de Berrio,De Berrio,Colonial temprana (1538-1699)
1647,Alcaldes,Don Fernando Berrio,Fernando Berrio,Berrio,Colonial temprana (1538-1699)
1648,Alcaldes,Don Juan de Capiain,Juan de Capiain,De Capiain,Colonial temprana (1538-1699)
1649,Alcaldes,Don Juan de Esparza,Juan de Esparza,De Esparza,Colonial temprana (1538-1699)
1650,Alcaldes,Don Francisco de Colmenares,Francisco de Colmenares,De Colmenares,Colonial temprana (1538-1699)
1651,Alcaldes,Don Francisco Rodríguez Galeano,Francisco Rodríguez Galeano,Rodríguez,Colonial temprana (1538-1699)
1652,Alcaldes,Don Fernando Clavijo,Fernando Clavijo,Clavijo,Colonial temprana (1538-1699)
1653,Alcaldes,Don Diego de Osorio,Diego de Osorio,De Osorio,Colonial temprana (1538-1699)
1654,Alcaldes,Don Cristóbal Ortiz Bernal,Cristóbal Ortiz Bernal,Ortiz,Colonial temprana (1538-1699)
1655,Alcaldes,Don Cristóbal Ortiz Bernal,Cristóbal Ortiz Bernal,Ortiz,Colonial temprana (1538-1699)
1656,Alcaldes,Don Juan de Solavarrieta,Juan de Solavarrieta,De Solavarrieta,Colonial temprana (1538-1699)
1657,Alcaldes,Don Luis de Berrio,Luis de Berrio,De Berrio,Colonial temprana (1538-1699)
1658,Alcaldes,Don Juan de Esparza,Juan de Esparza,De Esparza,Colonial temprana (1538-1699)
1659,Alcaldes,Don Pedro Félix de Quesada,Pedro Félix de Quesada,Félix,Colonial temprana (1538-1699)
1660,Alcaldes,Don Francisco de Laverde,Francisco de Laverde,De Laverde,Colonial temprana (1538-1699)
1661,Alcaldes,Don Francisco Rodríguez Galeano,Francisco Rodríguez Galeano,Rodríguez,Colonial temprana (1538-1699)
1662,Alcaldes,Don Juan de Solavarrieta,Juan de Solavarrieta,De Solavarrieta,Colonial temprana (1538-1699)
1663,Alcaldes,Don Juan de Solavarrieta,Juan de Solavarrieta,De Solavarrieta,Colonial temprana (1538-1699)
1664,Alcaldes,Don Juan de Esparza,Juan de Esparza,De Esparza,Colonial temprana (1538-1699)
1665,Alcaldes,Don Diego de Ospina Maldonado,Diego de Ospina Maldonado,De Ospina,Colonial temprana (1538-1699)
1666,Alcaldes,Don Juan Florez de Ocariz (1612- +1692),Juan Florez de Ocariz,Florez,Colonial temprana (1538-1699)
1667,Alcaldes,Don Diego Fajardo,Diego Fajardo,Fajardo,Colonial temprana (1538-1699)
1668,Alcaldes,Don Fernando Clavijo,Fernando Clavijo,Clavijo,Colonial temprana (1538-1699)
1669,Alcaldes,Don Antonio de Salazar Falcon,Antonio de Salazar Falcon,De Salazar,Colonial temprana (1538-1699)
1670,Alcaldes,Don Miguel Enriquez de Mancilla,Miguel Enriquez de Mancilla,Enriquez,Colonial temprana (1538-1699)
1671,Alcaldes,Don Luis de Berrio,Luis de Berrio,De Berrio,Colonial temprana (1538-1699)
1672,Alcaldes,Don Nicolás de Osorio,Nicolás de Osorio,De Osorio,Colonial temprana (1538-1699)
1673,Alcaldes,Don Juan Gutierrez de Céspedes,Juan Gutierrez de Céspedes,Gutierrez,Colonial temprana (1538-1699)
1674,Alcaldes,Don Juan Bernabea y Mancilla,Juan Bernabea y Mancilla,Bernabea,Colonial temprana (1538-1699)
1675,Alcaldes,Don Miguel de Mena y Loyola,Miguel de Mena y Loyola,De Mena,Colonial temprana (1538-1699)
1676,Alcaldes,Don Nicolás Osorio Nieto de Paz,Nicolás Osorio Nieto de Paz,Osorio,Colonial temprana (1538-1699)
1677,Alcaldes,Don Francisco Félix Beltrán de Caycedo,Francisco Félix Beltrán de Caycedo,Félix,Colonial temprana (1538-1699)
1678,Alcaldes,Don Tomás Pardo Dasmariñas y Fonseca,Tomás Pardo Dasmariñas y Fonseca,Pardo,Colonial temprana (1538-1699)
1679,Alcaldes,Don Fernando Leonel de Caycedo,Fernando Leonel de Caycedo,Leonel,Colonial temprana (1538-1699)
1680,Alcaldes,Don Juan Ramírez de Poveda y Venero,Juan Ramírez de Poveda y Venero,Ramírez,Colonial temprana (1538-1699)
1681,Alcaldes,Don Juan de Angulo y Olarte,Juan de Angulo y Olarte,De Angulo,Colonial temprana (1538-1699)
1682,Alcaldes,Don José Martín Flórez de Acuña,José Martín Flórez de Acuña,Martín,Colonial temprana (1538-1699)
1683,Alcaldes,Capitán Don Antonio de Salazar Falcón,Don Antonio de Salazar Falcón,Antonio,Colonial temprana (1538-1699)
1684,Alcaldes,Capitán Don Antonio de Salazar Falcón,Don Antonio de Salazar Falcón,Antonio,Colonial temprana (1538-1699)
1685,Alcaldes,Capitán Don Francisco Masco Venegas,Don Francisco Masco Venegas,Francisco,Colonial temprana (1538-1699)
1686,Alcaldes,Don Rodrigo de Guzmán Ponce de León,Rodrigo de Guzmán Ponce de León,De Guzmán,Colonial temprana (1538-1699)
1687,Gobernador,Don Francisco Alvarez de Velasco,Francisco Alvarez de Velasco,Alvarez,Colonial temprana (1538-1699)
1688,Alcaldes,Don Diego de Solavarrieta Bravo,Diego de Solavarrieta Bravo,De Solavarrieta,Colonial temprana (1538-1699)
1689,Maestre de Campo,Don Juan Bautista Echavarría,Juan Bautista Echavarría,Bautista,Colonial temprana (1538-1699)
1690,Alcaldes,DonPedro de Herrera Brochero,DonPedro de Herrera Brochero,De Herrera,Colonial temprana (1538-1699)
1691,Alcaldes,Don Francisco Salinas y Berrio,Francisco Salinas y Berrio,Salinas,Colonial temprana (1538-1699)
1692,Alcaldes,Don Cristóbal Vélez Ladrón de Guevara,Cristóbal Vélez Ladrón de Guevara,Vélez,Colonial temprana (1538-1699)
1693,Alcaldes,Don Jerónimo de Berrío,Jerónimo de Berrío,De Berrío,Colonial temprana (1538-1699)
1694,Alcaldes,Don Manuel Maldonado de Bohórquez,Manuel Maldonado de Bohórquez,Maldonado,Colonial temprana (1538-1699)
1695,Alcaldes,Don Alonso de Caycedo Maldonado,Alonso de Caycedo Maldonado,De Caycedo,Colonial temprana (1538-1699)
1696,Alcaldes,Don José de Ricaurte,José de Ricaurte,De Ricaurte,Colonial temprana (1538-1699)
1697,Alcaldes,Don Cristóbal de Pedrozo y Dosma,Cristóbal de Pedrozo y Dosma,De Pedrozo,Colonial temprana (1538-1699)
1698,Alcaldes,Don Antonio Ximénez de la Parra,Antonio Ximénez de la Parra,Ximénez,Colonial temprana (1538-1699)
1699,Alcaldes,Don Jerónimo de Berrío y Mendoza,Jerónimo de Berrío y Mendoza,De Berrío,Colonial temprana (1538-1699)
1700,Alcaldes,Don Diego A. de Valenzuelay Fajardo,Diego A. de Valenzuelay Fajardo,A.,Colonial tardía (1700-1809)
1701,Alcaldes,Don José López Bravo de Torres,José López Bravo de Torres,López,Colonial tardía (1700-1809)
1702,Alcaldes,Don José Antonio Zuleta Reales y Cardona,José Antonio Zuleta Reales y Cardona,Antonio,Colonial tardía (1700-1809)
1703,Alcaldes,Don José de Aroca,José de Aroca,De Aroca,Colonial tardía (1700-1809)
1704,Alcaldes,Don Juan Osorio Nieto de Paz,Juan Osorio Nieto de Paz,Osorio,Colonial tardía (1700-1809)
1705,Alcaldes,Don Pedro Munar,Pedro Munar,Munar,Colonial tardía (1700-1809)
1706,Alcaldes,Don José Ramírez de Sigüenza,José Ramírez de Sigüenza,Ramírez,Colonial tardía (1700-1809)
1707,Alcaldes,Don Bautista de Echavarría,Bautista de Echavarría,De Echavarría,Colonial tardía (1700-1809)
1708,Alcaldes,Don Alonso de Caycedo Maldonado,Alonso de Caycedo Maldonado,De Caycedo,Colonial tardía (1700-1809)
1709,Alcaldes,Don Agustín de Londoño y Trasmiera,Agustín de Londoño y Trasmiera,De Londoño,Colonial tardía (1700-1809)
1710,Alcaldes,Don Juan Antonio Ramírez Serna,Juan Antonio Ramírez Serna,Antonio,Colonial tardía (1700-1809)
1711,Alcaldes,Don Marco Antonio de Rivera y Guzmán,Marco Antonio de Rivera y Guzmán,Antonio,Colonial tardía (1700-1809)
1712,Alcaldes,Don Francisco Cortés Basconcellos,Francisco Cortés Basconcellos,Cortés,Colonial tardía (1700-1809)
1713,Alcaldes,Don Francisco José Flórez y Venegas,Francisco José Flórez y Venegas,José,Colonial tardía (1700-1809)
1714,Alcaldes,Don Gregorio Miguel de Valenzuela yFajardo,Gregorio Miguel de Valenzuela yFajardo,Miguel,Colonial tardía (1700-1809)
1715,Alcaldes,Don Antonio Gil de Cabrera y Dávalos,Antonio Gil de Cabrera y Dávalos,Gil,Colonial tardía (1700-1809)
1716,Alcaldes,Don Juan de Cárdenas Barajas,Juan de Cárdenas Barajas,De Cárdenas,Colonial tardía (1700-1809)
1717,Alcaldes,Don Alonso de Caycedo Maldonado,Alonso de Caycedo Maldonado,De Caycedo,Colonial tardía (1700-1809)
1718,Alcaldes,Don Nicolás León y Achuri,Nicolás León y Achuri,León,Colonial tardía (1700-1809)
1719,Alcaldes,Don Pedro de Subia,Pedro de Subia,De Subia,Colonial tardía (1700-1809)
1720,Alcaldes,Don José Salvador de Ricaurte,José Salvador de Ricaurte,Salvador,Colonial tardía (1700-1809)
1721,Alcaldes,Don José salvador de Ricaurte,José salvador de Ricaurte,Salvador,Colonial tardía (1700-1809)
1722,Alcaldes,Don José de Mora y Melgar,José de Mora y Melgar,De Mora,Colonial tardía (1700-1809)
1723,Alcaldes,Don Pedro de Tobar y Buendía Rodríguez Pedreros (1686-1738),Pedro de Tobar y Buendía Rodríguez Pedreros,De Tobar,Colonial tardía (1700-1809)
1724,Alcaldes,Don Pedro de Tobar y Buendía Rodríguez Pedreros,Pedro de Tobar y Buendía Rodríguez Pedreros,De Tobar,Colonial tardía (1700-1809)
1725,Alcaldes,Don Nicolás Antonio Dávila Maldonado,Nicolás Antonio Dávila Maldonado,Antonio,Colonial tardía (1700-1809)
1726,Alcaldes,Don Fernando de Quesada,Fernando de Quesada,De Quesada,Colonial tardía (1700-1809)
1727,Alcaldes,Don José Mendibur,José Mendibur,Mendibur,Colonial tardía (1700-1809)
1728,Alcaldes,Don Miguel Francisco de Berrío,Miguel Francisco de Berrío,Francisco,Colonial tardía (1700-1809)
1729,Alcaldes,Don Miguel Francisco de Berrío,Miguel Francisco de Berrío,Francisco,Colonial tardía (1700-1809)
1730,Alcaldes,Don Francisco Flórez y Vanegas,Francisco Flórez y Vanegas,Flórez,Colonial tardía (1700-1809)
1731,Alcaldes,Don Lorenzo de Alea y Estrada,Lorenzo de Alea y Estrada,De Alea,Colonial tardía (1700-1809)
1732,Alcaldes,Don Nicolás Antonio Dávila,Nicolás Antonio Dávila,Antonio,Colonial tardía (1700-1809)
1733,Alcaldes,DonIgnacio de Caycedo y Pastrana,DonIgnacio de Caycedo y Pastrana,De Caycedo,Colonial tardía (1700-1809)
1734,Alcaldes,Don José Rafael de Laiceca,José Rafael de Laiceca,Rafael,Colonial tardía (1700-1809)
1735,Alcaldes,Don Diego Agustín de Caycedo y Fajardo,Diego Agustín de Caycedo y Fajardo,Agustín,Colonial tardía (1700-1809)
1736,Alcaldes,Don Juan Manuel de Moya y Guzmán,Juan Manuel de Moya y Guzmán,Manuel,Colonial tardía (1700-1809)
1737,Alcaldes,Don Pedro de Laiceca y Alvarado,Pedro de Laiceca y Alvarado,De Laiceca,Colonial tardía (1700-1809)
1738,Alcaldes,Don Juan Bautista de Erazo y Mendigaña,Juan Bautista de Erazo y Mendigaña,Bautista,Colonial tardía (1700-1809)
1739,Alcaldes,Don Francisco Javier de Chaverri y Cobo,Francisco Javier de Chaverri y Cobo,Javier,Colonial tardía (1700-1809)
1740,Alcaldes,Don Francisco de la Serna Ibáñez,Francisco de la Serna Ibáñez,De La,Colonial tardía (1700-1809)
1741,Alcaldes,Don Nicolás José Cobo Calleja,Nicolás José Cobo Calleja,José,Colonial tardía (1700-1809)
1742,Alcaldes,Don Francisco de Vergara,Francisco de Vergara,De Vergara,Colonial tardía (1700-1809)
1743,Alcaldes,Don Ignacio Francisco de Valenzuela y Fajardo,Ignacio Francisco de Valenzuela y Fajardo,Francisco,Colonial tardía (1700-1809)
1744,Alcaldes,Don Tomás Prieto de Salazar,Tomás Prieto de Salazar,Prieto,Colonial tardía (1700-1809)
1745,Alcaldes,Don José Vélez Ladrón de Guevara,José Vélez Ladrón de Guevara,Vélez,Colonial tardía (1700-1809)
1746,Alcaldes,Don Felipe de la Romana,Felipe de la Romana,De La,Colonial tardía (1700-1809)
1747,Alcaldes,Don Diego de Tobar y Buendía Ricaurte (1713),Diego de Tobar y Buendía Ricaurte,De Tobar,Colonial tardía (1700-1809)
1748,Alcaldes,Don Agustín de Ricaurte,Agustín de Ricaurte,De Ricaurte,Colonial tardía (1700-1809)
1749,Alcaldes,Don Ignacio de Santamaría,Ignacio de Santamaría,De Santamaría,Colonial tardía (1700-1809)
1750,Alcaldes,Don Francisco de la Serna,Francisco de la Serna,De La,Colonial tardía (1700-1809)
1751,Alcaldes,Don José Mendibur,José Mendibur,Mendibur,Colonial tardía (1700-1809)
1752,Alcaldes,Don Juan de Mora,Juan de Mora,De Mora,Colonial tardía (1700-1809)
1753,Alcaldes,Don Francisco Santamaría,Francisco Santamaría,Santamaría,Colonial tardía (1700-1809)
1754,Alcaldes,Don José de Laiceca,José de Laiceca,De Laiceca,Colonial tardía (1700-1809)
1755,Alcaldes,Don Cayetano de Ricaurte y Terreros,Cayetano de Ricaurte y Terreros,De Ricaurte,Colonial tardía (1700-1809)
1756,Alcaldes,Don Tomás de Laiceca y Fajardo,Tomás de Laiceca y Fajardo,De Laiceca,Colonial tardía (1700-1809)
1757,Alcaldes,Don Miguel de Galvis,Miguel de Galvis,De Galvis,Colonial tardía (1700-1809)
1758,Alcaldes,Don Manuel de Guzmán y Monasterios,Manuel de Guzmán y Monasterios,De Guzmán,Colonial tardía (1700-1809)
1759,Alcaldes,Don José Groot Vargas,José Groot Vargas,Groot,Colonial tardía (1700-1809)
1760,Alcaldes,Don Luis del castillo Guevara y Toledo,Luis del castillo Guevara y Toledo,Del Castillo,Colonial tardía (1700-1809)
1761,Alcaldes,Don José Groot Vargas,José Groot Vargas,Groot,Colonial tardía (1700-1809)
1762,Alcaldes,Don Francisco Santamaría,Francisco Santamaría,Santamaría,Colonial tardía (1700-1809)
1763,Alcaldes,Don Francisco Antonio Vélez Ladrón de Guevara,Francisco Antonio Vélez Ladrón de Guevara,Antonio,Colonial tardía (1700-1809)
1764,Alcaldes,Don Cayetano Ricaurte y Terreros,Cayetano Ricaurte y Terreros,Ricaurte,Colonial tardía (1700-1809)
1765,Alcaldes,Don Francisco Dominguez,Francisco Dominguez,Dominguez,Colonial tardía (1700-1809)
1766,Alcaldes,Don Rafael José de Ricaurte y Terreros,Rafael José de Ricaurte y Terreros,José,Colonial tardía (1700-1809)
1767,Alcaldes,Don Diego lasqueti,Diego lasqueti,Lasqueti,Colonial tardía (1700-1809)
1768,Alcaldes,Don Miguel de Rivas,Miguel de Rivas,De Rivas,Colonial tardía (1700-1809)
1769,Alcaldes,Don José Joaquín Flórez y Subia,José Joaquín Flórez y Subia,Joaquín,Colonial tardía (1700-1809)
1770,Alcaldes,Don Pedro de Ugarte,Pedro de Ugarte,De Ugarte,Colonial tardía (1700-1809)
1771,Alcaldes,Don Benito de Agar,Benito de Agar,De Agar,Colonial tardía (1700-1809)
1772,Alcaldes,Don Manuel Díaz de Hoyos,Manuel Díaz de Hoyos,Díaz,Colonial tardía (1700-1809)
1773,Alcaldes,Don Miguel de Rivas,Miguel de Rivas,De Rivas,Colonial tardía (1700-1809)
1774,Alcaldes,Don Lucas de Erazo y Mendigaña,Lucas de Erazo y Mendigaña,De Erazo,Colonial tardía (1700-1809)
1775,Alcaldes,Don Francisco Ortiz,Francisco Ortiz,Ortiz,Colonial tardía (1700-1809)
1776,Alcaldes,Don Franciisco Antonio Vélez Ladrón de Guevara,Franciisco Antonio Vélez Ladrón de Guevara,Antonio,Colonial tardía (1700-1809)
1777,Alcaldes,Don Domingo de Caycedo,Domingo de Caycedo,De Caycedo,Colonial tardía (1700-1809)
1778,Alcaldes,Don Nicolás Bernal y Rigueiro,Nicolás Bernal y Rigueiro,Bernal,Colonial tardía (1700-1809)
1779,Alcaldes,Don José Joaquín Flórez y Subia,José Joaquín Flórez y Subia,Joaquín,Colonial tardía (1700-1809)
1780,Alcaldes,Don Manuel Campuzano,Manuel Campuzano,Campuzano,Colonial tardía (1700-1809)
1781,Alcaldes,Don Eustaquio Garavís,Eustaquio Garavís,Garavís,Colonial tardía (1700-1809)
1782,Alcaldes,Don Pedro Groot,Pedro Groot,Groot,Colonial tardía (1700-1809)
1783,Alcaldes,Don Francisco Torrijos y Rigueiro,Francisco Torrijos y Rigueiro,Torrijos,Colonial tardía (1700-1809)
1784,Alcaldes,Don Manuel Campuzano,Manuel Campuzano,Campuzano,Colonial tardía (1700-1809)
1785,Alcaldes,Don Pedro Ricaurte,Pedro Ricaurte,Ricaurte,Colonial tardía (1700-1809)
1786,Alcaldes,Don Juan Antonio de Olea,Juan Antonio de Olea,Antonio,Colonial tardía (1700-1809)
1787,Alcaldes,Don Matías José de Leiva,Matías José de Leiva,José,Colonial tardía (1700-1809)
1788,Alcaldes,Don Gregorio Domínguez,Gregorio Domínguez,Domínguez,Colonial tardía (1700-1809)
1789,Alcaldes,Don José María Lozano,José María Lozano,María,Colonial tardía (1700-1809)
1790,Alcaldes,Don Francisco Silvestre,Francisco Silvestre,Silvestre,Colonial tardía (1700-1809)
1791,Alcaldes,Don Rafael de Araos,Rafael de Araos,De Araos,Colonial tardía (1700-1809)
1792,Alcaldes,Don Tomás Tenorio y carvajal,Tomás Tenorio y carvajal,Tenorio,Colonial tardía (1700-1809)
1793,Alcaldes,Don Carlos de Burgos,Carlos de Burgos,De Burgos,Colonial tardía (1700-1809)
1794,Alcaldes,Don Eustaquio Garavis,Eustaquio Garavis,Garavis,Colonial tardía (1700-1809)
1795,Alcaldes,Don Miguel de Galindo,Miguel de Galindo,De Galindo,Colonial tardía (1700-1809)
1796,Alcaldes,Don Pantaleón Gutiérrez,Pantaleón Gutiérrez,Gutiérrez,Colonial tardía (1700-1809)
1797,Alcaldes,Don José María Dominguez del Castillo,José María Dominguez del Castillo,María,Colonial tardía (1700-1809)
1798,Alcaldes,Don Lorenzo Marroquín de la Sierra,Lorenzo Marroquín de la Sierra,Marroquín,Colonial tardía (1700-1809)
1799,Alcaldes,Don Jorge Tadeo Lozano y Manrique,Jorge Tadeo Lozano y Manrique,Tadeo,Colonial tardía (1700-1809)
1800,Alcaldes,Don Fernando Rodríguez,Fernando Rodríguez,Rodríguez,Colonial tardía (1700-1809)
1801,Alcaldes,Don Carlos de Burgos,Carlos de Burgos,De Burgos,Colonial tardía (1700-1809)
1802,Alcaldes,Don Juan José Santamaría,Juan José Santamaría,José,Colonial tardía (1700-1809)
1803,Alcaldes,Don José Ignacio de san Miguel,José Ignacio de san Miguel,Ignacio,Colonial tardía (1700-1809)
1804,Alcaldes,Don José Joaquín Alvarez,José Joaquín Alvarez,Joaquín,Colonial tardía (1700-1809)
1805,Alcaldes,Don Pedro de Ricaurte y Torrijos,Pedro de Ricaurte y Torrijos,De Ricaurte,Colonial tardía (1700-1809)
1806,Alcaldes,Don Juan Nepomuceno Quijano,Juan Nepomuceno Quijano,Nepomuceno,Colonial tardía (1700-1809)
1807,Alcaldes,Don José Tomás Muelle Lago,José Tomás Muelle Lago,Tomás,Colonial tardía (1700-1809)
1808,Alcaldes,Don José Tadeo Cabrera,José Tadeo Cabrera,Tadeo,Colonial tardía (1700-1809)
1809,Alcaldes,Don Luis Caycedo y Flórez,Luis Caycedo y Flórez,Caycedo,Colonial tardía (1700-1809)
1810,Alcaldes,Don José Miguel Pey y Andrade,José Miguel Pey y Andrade,Miguel,Siglo XIX (1810-1899)
1811,Alcaldes,Don Andrés Otero,Andrés Otero,Otero,Siglo XIX (1810-1899)
1812,Alcaldes,Don Miguel de Rivas,Miguel de Rivas,De Rivas,Siglo XIX (1810-1899)
1813,Alcaldes,Don Juan Tobar y Buendía,Juan Tobar y Buendía,Tobar,Siglo XIX (1810-1899)
1814,Alcaldes,Don José Carpintero,José Carpintero,Carpintero,Siglo XIX (1810-1899)
1815,Alcaldes,Don Pedro de la Lasta,Pedro de la Lasta,De La,Siglo XIX (1810-1899)
1816,Alcaldes,Don Joaquín de la Romana,Joaquín de la Romana,De La,Siglo XIX (1810-1899)
1817,Alcaldes,Don Nicolás de Ugarte,Nicolás de Ugarte,De Ugarte,Siglo XIX (1810-1899)
1818,Alcaldes,Don Manuel de Urbina,Manuel de Urbina,De Urbina,Siglo XIX (1810-1899)
1819,Alcaldes,Don Enrique Umaña,Enrique Umaña,Umaña,Siglo XIX (1810-1899)
1820,Alcaldes,Don Juan Nepomuceno Contreras,Juan Nepomuceno Contreras,Nepomuceno,Siglo XIX (1810-1899)
1821,Alcaldes,Don Mariano Tobar,Mariano Tobar,Tobar,Siglo XIX (1810-1899)
1822,Alcaldes,Don Tomás Escallón,Tomás Escallón,Escallón,Siglo XIX (1810-1899)
1823,Alcaldes,Don Pedro Laso,Pedro Laso,Laso,Siglo XIX (1810-1899)
1824,Alcaldes,Don Sebastián de Herrera,Sebastián de Herrera,De Herrera,Siglo XIX (1810-1899)
1825,Alcaldes,Don Ignacio Quijano,Ignacio Quijano,Quijano,Siglo XIX (1810-1899)
1826,Alcaldes,Don Luis Tobar,Luis Tobar,Tobar,Siglo XIX (1810-1899)
1827,Alcaldes,Don Manuel Antonio Arrubla,Manuel Antonio Arrubla,Antonio,Siglo XIX (1810-1899)
1828,Alcaldes,Don Enrique Umaña,Enrique Umaña,Umaña,Siglo XIX (1810-1899)
1829,Alcaldes,Don Bruno Espinosa,Bruno Espinosa,Espinosa,Siglo XIX (1810-1899)
1830,Alcaldes,Don Antonio Castillo,Antonio Castillo,Castillo,Siglo XIX (1810-1899)
1831,Alcaldes,Don Benito Gutiérrez,Benito Gutiérrez,Gutiérrez,Siglo XIX (1810-1899)
1832,Alcaldes,Don Miguel Delgadillo,Miguel Delgadillo,Delgadillo,Siglo XIX (1810-1899)
1833,Alcaldes,Don Santiago Grajales,Santiago Grajales,Grajales,Siglo XIX (1810-1899)
1834,Alcaldes,Don Antonio Román Ponce,Antonio Román Ponce,Román,Siglo XIX (1810-1899)
1835,Alcaldes,Don Manuel Laverde,Manuel Laverde,Laverde,Siglo XIX (1810-1899)
1834,Alcalde,Don Rafael Mendoza,Rafael Mendoza,Mendoza,Siglo XIX (1810-1899)
1835,Alcalde,Don Rafael Mendoza,Rafael Mendoza,Mendoza,Siglo XIX (1810-1899)
1836,Alcalde,Don Rafael Mendoza,Rafael Mendoza,Mendoza,Siglo XIX (1810-1899)
1837,Alcalde,Don Rafael Mendoza,Rafael Mendoza,Mendoza,Siglo XIX (1810-1899)
1838,Alcalde,Don Rafael Mendoza,Rafael Mendoza,Mendoza,Siglo XIX (1810-1899)
1839,Alcaldes,Don Rafael Mendoza,Rafael Mendoza,Mendoza,Siglo XIX (1810-1899)
1840,Alcalde,Don Justino Valenzuela,Justino Valenzuela,Valenzuela,Siglo XIX (1810-1899)
1841,Alcaldes,Don Andrés Aguilar,Andrés Aguilar,Aguilar,Siglo XIX (1810-1899)
1842,Alcaldes,Don Agustín de Francisco,Agustín de Francisco,De Francisco,Siglo XIX (1810-1899)
1843,Alcaldes,Don Agustín de Francisco,Agustín de Francisco,De Francisco,Siglo XIX (1810-1899)
1844,Alcaldes,Don Diego Rivas,Diego Rivas,Rivas,Siglo XIX (1810-1899)
1845,Alcaldes,Don Agustín de Francisco,Agustín de Francisco,De Francisco,Siglo XIX (1810-1899)
1846,Alcalde,Don Fernando Caycedo Santamaría,Fernando Caycedo Santamaría,Caycedo,Siglo XIX (1810-1899)
1847,Alcalde,Don Fernando Caycedo Santamaría,Fernando Caycedo Santamaría,Caycedo,Siglo XIX (1810-1899)
1848,Alcaldes,Don Fernando Caycedo santamaría,Fernando Caycedo santamaría,Caycedo,Siglo XIX (1810-1899)
1849,Alcaldes,Don Pedro Guttiérrez Lee,Pedro Guttiérrez Lee,Guttiérrez,Siglo XIX (1810-1899)
1850,Alcaldes,Don José María Baraya,José María Baraya,María,Siglo XIX (1810-1899)
1851,Alcaldes,Don José María Maldonado,José María Maldonado,María,Siglo XIX (1810-1899)
1852,Alcaldes,Don J. A. Uricoechea,J. A. Uricoechea,A.,Siglo XIX (1810-1899)
1853,Alcalde,Don Antonio María Durán,Antonio María Durán,María,Siglo XIX (1810-1899)
1854,Alcalde,Don Antonio María Durán,Antonio María Durán,María,Siglo XIX (1810-1899)
1855,Alcalde,Don Antonio María Durán,Antonio María Durán,María,Siglo XIX (1810-1899)
1856,Alcalde,Don Antonio María Durán,Antonio María Durán,María,Siglo XIX (1810-1899)
1857,Alcalde,Don Antonio María Durán,Antonio María Durán,María,Siglo XIX (1810-1899)
1857,Alcalde,Don Mateo Sandoval,Mateo Sandoval,Sandoval,Siglo XIX (1810-1899)
1858,Alcaldes,Don Mateo Sandoval,Mateo Sandoval,Sandoval,Siglo XIX (1810-1899)
1859,Alcaldes,Don Mateo Sandoval,Mateo Sandoval,Sandoval,Siglo XIX (1810-1899)
1860,Alcalde,Don Bernardino Trimiño,Bernardino Trimiño,Trimiño,Siglo XIX (1810-1899)
1861,Alcalde,Don Ezequiel Villalobos,Ezequiel Villalobos,Villalobos,Siglo XIX (1810-1899)
1862,Alcalde,Don Ezequiel Villalobos,Ezequiel Villalobos,Villalobos,Siglo XIX (1810-1899)
1863,Gobernador,Don Miguel Gutiérrez Nieto,Miguel Gutiérrez Nieto,Gutiérrez,Siglo XIX (1810-1899)
1863,Alcalde,Don Manuel Suárez Fortoul,Manuel Suárez Fortoul,Suárez,Siglo XIX (1810-1899)
1864,Alcaldes,Don Domingo Triana,Domingo Triana,Triana,Siglo XIX (1810-1899)
1864,Alcalde,Don Francisco de P. Liévano,Francisco de P. Liévano,De P.,Siglo XIX (1810-1899)
1865,Alcaldes,Don Francisco de P. Liévano,Francisco de P. Liévano,De P.,Siglo XIX (1810-1899)
1866,Alcaldes,Don Fernando Ponce,Fernando Ponce,Ponce,Siglo XIX (1810-1899)
1867,Gobernador,Don Francisco De P. Matéus,Francisco De P. Matéus,De P.,Siglo XIX (1810-1899)
1868,Alcaldes,Don Juan B. Silva,Juan B. Silva,B.,Siglo XIX (1810-1899)
1869,Alcaldes,Don Miguel L. Gutiérrez,Miguel L. Gutiérrez,L.,Siglo XIX (1810-1899)
1870,Alcaldes,Don Luis González Vásquez,Luis González Vásquez,González,Siglo XIX (1810-1899)
1871,Alcalde,Don Federico Garay,Federico Garay,Garay,Siglo XIX (1810-1899)
1871,Alcalde,Don Ricardo de Francisco,Ricardo de Francisco,De Francisco,Siglo XIX (1810-1899)
1872,Alcaldes,Don Ricardo de Francisco,Ricardo de Francisco,De Francisco,Siglo XIX (1810-1899)
1873,Alcaldes,Don Manuel José Angarita,Manuel José Angarita,José,Siglo XIX (1810-1899)
1874,Alcaldes,Don Secundino Alvarez,Secundino Alvarez,Alvarez,Siglo XIX (1810-1899)
1875,Alcaldes,Don Octavio Salazar,Octavio Salazar,Salazar,Siglo XIX (1810-1899)
1876,Alcaldes,Don Ignacio Calvo,Ignacio Calvo,Calvo,Siglo XIX (1810-1899)
1877,Alcaldes,Don Clodomiro Castilla,Clodomiro Castilla,Castilla,Siglo XIX (1810-1899)
1878,Alcaldes,Don Antonio Sánchez,Antonio Sánchez,Sánchez,Siglo XIX (1810-1899)
1879,Alcalde,Don Ricardo Hinestrosa,Ricardo Hinestrosa,Hinestrosa,Siglo XIX (1810-1899)
1880,Alcalde,Don Alejandro Borda,Alejandro Borda,Borda,Siglo XIX (1810-1899)
1881,Alcaldes,Don Alejandro Borda,Alejandro Borda,Borda,Siglo XIX (1810-1899)
1882,Alcaldes,Don Antonio Sánchez G.,Antonio Sánchez G.,Sánchez,Siglo XIX (1810-1899)
1883,Alcalde,Don Cenón Figueredo,Cenón Figueredo,Figueredo,Siglo XIX (1810-1899)
1884,Alcaldes,Don Cenón Figueredo,Cenón Figueredo,Figueredo,Siglo XIX (1810-1899)
1885,Alcalde,Don Higinio Cualla,Higinio Cualla,Cualla,Siglo XIX (1810-1899)
1886,Alcalde,Don Higinio Cualla,Higinio Cualla,Cualla,Siglo XIX (1810-1899)
1887,Alcalde,Don Higinio Cualla,Higinio Cualla,Cualla,Siglo XIX (1810-1899)
1888,Alcalde,Don Higinio Cualla,Higinio Cualla,Cualla,Siglo XIX (1810-1899)
1889,Alcalde,Don Higinio Cualla,Higinio Cualla,Cualla,Siglo XIX (1810-1899)
1890,Alcaldes,Don Higinio Cualla,Higinio Cualla,Cualla,Siglo XIX (1810-1899)
1891,Alcalde,Don Higinio Cualla,Higinio Cualla,Cualla,Siglo XIX (1810-1899)
1892,Alcalde,Don Higinio Cualla,Higinio Cualla,Cualla,Siglo XIX (1810-1899)
1893,Alcaldes,Don Higinio Cualla,Higinio Cualla,Cualla,Siglo XIX (1810-1899)
1894,Alcaldes,Don Higinio Cualla,Higinio Cualla,Cualla,Siglo XIX (1810-1899)
1895,Alcalde,Don Higinio Cualla,Higinio Cualla,Cualla,Siglo XIX (1810-1899)
1896,Alcaldes,Don Higinio Cualla,Higinio Cualla,Cualla,Siglo XIX (1810-1899)
1897,Alcalde,Don Higinio Cualla,Higinio Cualla,Cualla,Siglo XIX (1810-1899)
1898,Alcaldes,Don Higinio Cualla,Higinio Cualla,Cualla,Siglo XIX (1810-1899)
1899,Alcaldes,Don Leonidas Posada Gaviria,Leonidas Posada Gaviria,Posada,Siglo XIX (1810-1899)
1900,Alcaldes,Don Cipriano Cárdenas,Cipriano Cárdenas,Cárdenas,Primera mitad S.XX (1900-1959)
1901,Alcaldes,Don Ricardo Morales Tobar,Ricardo Morales Tobar,Morales,Primera mitad S.XX (1900-1959)
1902,Alcalde,Don Abraham Aparicio,Abraham Aparicio,Aparicio,Primera mitad S.XX (1900-1959)
1903,Alcaldes,Don Abraham Aparicio,Abraham Aparicio,Aparicio,Primera mitad S.XX (1900-1959)
1904,Alcaldes,Don Carlos Tavera Navas,Carlos Tavera Navas,Tavera,Primera mitad S.XX (1900-1959)
1905,Alcalde,Don Julio D. Portocarrero,Julio D. Portocarrero,D.,Primera mitad S.XX (1900-1959)
1905,Gobernador,Don Jorge Vélez,Jorge Vélez,Vélez,Primera mitad S.XX (1900-1959)
1906,Gobernador,Don Jorge Vélez,Jorge Vélez,Vélez,Primera mitad S.XX (1900-1959)
1907,Gobernador,Don Jorge Vélez,Jorge Vélez,Vélez,Primera mitad S.XX (1900-1959)
1908,Gobernador,Don Jorge Vélez,Jorge Vélez,Vélez,Primera mitad S.XX (1900-1959)
1909,Gobernador,Don Jorge Vélez,Jorge Vélez,Vélez,Primera mitad S.XX (1900-1959)
1910,Alcalde,Javier Tobar Ahumada,Javier Tobar Ahumada,Tobar,Primera mitad S.XX (1900-1959)
1911,Alcalde,Javier Tobar Ahumada,Javier Tobar Ahumada,Tobar,Primera mitad S.XX (1900-1959)
1912,Alcalde,Manuel María Mallarino,Manuel María Mallarino,María,Primera mitad S.XX (1900-1959)
1913,Alcalde,Manuel María Mallarino,Manuel María Mallarino,María,Primera mitad S.XX (1900-1959)
1914,Alcalde,Emilio Cuervo Márquez,Emilio Cuervo Márquez,Cuervo,Primera mitad S.XX (1900-1959)
1915,Alcalde,Andrés Marroquín Osorio,Andrés Marroquín Osorio,Marroquín,Primera mitad S.XX (1900-1959)
1916,Alcalde,Andrés Marroquín Osorio,Andrés Marroquín Osorio,Marroquín,Primera mitad S.XX (1900-1959)
1917,Alcaldes,Andrés Marroquín Osorio,Andrés Marroquín Osorio,Marroquín,Primera mitad S.XX (1900-1959)
1918,Alcaldes,Gerardo Arrubla,Gerardo Arrubla,Arrubla,Primera mitad S.XX (1900-1959)
1919,Alcalde,Santiago de Castro,Santiago de Castro,De Castro,Primera mitad S.XX (1900-1959)
1920,Alcaldes,Santiago de Castro,Santiago de Castro,De Castro,Primera mitad S.XX (1900-1959)
1921,Alcalde,Ernesto Sanz de Santamaría,Ernesto Sanz de Santamaría,Sanz,Primera mitad S.XX (1900-1959)
1922,Alcalde,Ernesto Sanz de Santamaría,Ernesto Sanz de Santamaría,Sanz,Primera mitad S.XX (1900-1959)
1923,Alcalde,Ernesto Sanz de Santamaría,Ernesto Sanz de Santamaría,Sanz,Primera mitad S.XX (1900-1959)
1924,Alcalde,Ernesto Sanz de Santamaría,Ernesto Sanz de Santamaría,Sanz,Primera mitad S.XX (1900-1959)
1925,Alcaldes,Ernesto Sanz de Santamaría,Ernesto Sanz de Santamaría,Sanz,Primera mitad S.XX (1900-1959)
1926,Alcaldes,José Posada Tavera,José Posada Tavera,Posada,Primera mitad S.XX (1900-1959)
1927,Alcalde,José María Piedrahita,José María Piedrahita,María,Primera mitad S.XX (1900-1959)
1928,Alcalde,José María Piedrehita,José María Piedrehita,María,Primera mitad S.XX (1900-1959)
1929,Alcaldes,José María Piedrahita,José María Piedrahita,María,Primera mitad S.XX (1900-1959)
1930,Alcaldes,Hernando Carrizosa P.,Hernando Carrizosa P.,Carrizosa,Primera mitad S.XX (1900-1959)
1931,Alcaldes,Enrique Vargas Nariño,Enrique Vargas Nariño,Vargas,Primera mitad S.XX (1900-1959)
1932,Alcalde,Luis Patiño Galvis (ene.-dic.),Luis Patiño Galvis,Patiño,Primera mitad S.XX (1900-1959)
1933,Alcaldes,Luis Patiño Galvis,Luis Patiño Galvis,Patiño,Primera mitad S.XX (1900-1959)
1934,Alcaldes,Alfonso Esguerra (ene.-mar.),Alfonso Esguerra,Esguerra,Primera mitad S.XX (1900-1959)
1935,Alcaldes,Julio Pardo Dávila (ene.),Julio Pardo Dávila,Pardo,Primera mitad S.XX (1900-1959)
1936,Alcaldes,Carlos Arango Vélez (ene.-mar.),Carlos Arango Vélez,Arango,Primera mitad S.XX (1900-1959)
1937,Alcaldes,Jorge Eliecer Gaitán (ene.-mar.),Jorge Eliecer Gaitán,Eliecer,Primera mitad S.XX (1900-1959)
1938,Alcaldes,Manuel A. Rueda Vargas (ene.-mar.),Manuel A. Rueda Vargas,A.,Primera mitad S.XX (1900-1959)
1939,Alcalde,Germán Zea Hernández(ene.-dic.),Germán Zea Hernández,Zea,Primera mitad S.XX (1900-1959)
1940,Alcalde,Germán Zea Hernández (ene.-dic.),Germán Zea Hernández,Zea,Primera mitad S.XX (1900-1959)
1941,Alcalde,Germán Zea Hernández (ene.-abr.),Germán Zea Hernández,Zea,Primera mitad S.XX (1900-1959)
1942,Alcaldes,Julio Pardo Dávila (ene.-ags.),Julio Pardo Dávila,Pardo,Primera mitad S.XX (1900-1959)
1943,Alcalde,Carlos Sanz de santamaría (ene.-dic),Carlos Sanz de santamaría,Sanz,Primera mitad S.XX (1900-1959)
1944,Alcaldes,Carlos Sanz de Santamaría (ene-mar),Carlos Sanz de Santamaría,Sanz,Primera mitad S.XX (1900-1959)
1945,Alcaldes,Gabriel Paredes (ene.),Gabriel Paredes,Paredes,Primera mitad S.XX (1900-1959)
1946,Alcaldes,Ramón Muñoz Toledo (ene.-sep.),Ramón Muñoz Toledo,Muñoz,Primera mitad S.XX (1900-1959)
1947,Alcaldes,Ramón Muñoz Toledo (ene. - feb.),Ramón Muñoz Toledo,Muñoz,Primera mitad S.XX (1900-1959)
1948,Alcaldes,Francisco Arévalo (ene. - mar.),Francisco Arévalo,Arévalo,Primera mitad S.XX (1900-1959)
1949,Alcaldes,Fernando Mazuera Villegas (ene.may.),Fernando Mazuera Villegas,Mazuera,Primera mitad S.XX (1900-1959)
1950,Alcalde,Santiago Trujillo (ene.-dic.),Santiago Trujillo,Trujillo,Primera mitad S.XX (1900-1959)
1951,Alcalde,Santiago Trujillo (ene.-dic.),Santiago Trujillo,Trujillo,Primera mitad S.XX (1900-1959)
1952,Alcaldes,Santiago Trujillo (ene.-jul.),Santiago Trujillo,Trujillo,Primera mitad S.XX (1900-1959)
1953,Alcaldes,Manuel Briceño Pardo (ene.-jun.),Manuel Briceño Pardo,Briceño,Primera mitad S.XX (1900-1959)
1954,Alcaldes,Julio Cervantes (Coronel) (ene.sep.),Julio Cervantes,Cervantes,Primera mitad S.XX (1900-1959)
1955,Alcaldes,Roberto Salazar Gómez (ene.-sep.),Roberto Salazar Gómez,Salazar,Primera mitad S.XX (1900-1959)
1956,Alcalde,Andrés Rodríguez Gómez (ene.-dic.),Andrés Rodríguez Gómez,Rodríguez,Primera mitad S.XX (1900-1959)
1957,Alcaldes,Andrés Rodríguez Gómez (ene.-may.),Andrés Rodríguez Gómez,Rodríguez,Primera mitad S.XX (1900-1959)
1958,Alcaldes,Fernando Mazuera Villegas (ene.-oct.),Fernando Mazuera Villegas,Mazuera,Primera mitad S.XX (1900-1959)
1959,Alcalde,Juan Pablo Llinás (ene.-dic.),Juan Pablo Llinás,Pablo,Primera mitad S.XX (1900-1959)
1960,Alcalde,Juan Pablo Llinás (ene.-dic.),Juan Pablo Llinás,Pablo,Segunda mitad S.XX (1960-1999)
1961,Alcaldes,Juan Pablo Llinás (ene.-ags.),Juan Pablo Llinás,Pablo,Segunda mitad S.XX (1960-1999)
1962,Alcalde,Jorge Gaitán Cortés (ene.-dic.),Jorge Gaitán Cortés,Gaitán,Segunda mitad S.XX (1960-1999)
1963,Alcalde,Jorge Gaitán Cortés (ene.-dic.),Jorge Gaitán Cortés,Gaitán,Segunda mitad S.XX (1960-1999)
1964,Alcalde,Jorge Gaitán Cortés (ene.-dic.),Jorge Gaitán Cortés,Gaitán,Segunda mitad S.XX (1960-1999)
1965,Alcalde,Jorge Gaitán Cortés (ene.-dic.),Jorge Gaitán Cortés,Gaitán,Segunda mitad S.XX (1960-1999)
1966,Alcaldes,Jorge Gaitán Cortés (ene.-ags.),Jorge Gaitán Cortés,Gaitán,Segunda mitad S.XX (1960-1999)
1967,Alcalde,Virgilio Barco Vargas (ene.-dic.),Virgilio Barco Vargas,Barco,Segunda mitad S.XX (1960-1999)
1968,Alcalde,Virgilio Barco Vargas (ene.-dic.),Virgilio Barco Vargas,Barco,Segunda mitad S.XX (1960-1999)
1969,Alcaldes,Virgilio Barco Vargas (ene.-sep.),Virgilio Barco Vargas,Barco,Segunda mitad S.XX (1960-1999)
1970,Alcaldes,Emilio Urrea Delgado (ene.-ags.),Emilio Urrea Delgado,Urrea,Segunda mitad S.XX (1960-1999)
1971,Alcalde,Carlos Albán Holguín (ene.-dic.),Carlos Albán Holguín,Albán,Segunda mitad S.XX (1960-1999)
1972,Alcalde,Carlos Albán Holguín (ene.-Dic.),Carlos Albán Holguín,Albán,Segunda mitad S.XX (1960-1999)
1973,Alcaldes,Carlos Albán Holguín (ene.-abr.),Carlos Albán Holguín,Albán,Segunda mitad S.XX (1960-1999)
1974,Alcaldes,Anibal Fernández de Soto (ene.-ags.),Anibal Fernández de Soto,Fernández,Segunda mitad S.XX (1960-1999)
1975,Alcaldes,Alfonso Palacio Rudas (ene.-sep.),Alfonso Palacio Rudas,Palacio,Segunda mitad S.XX (1960-1999)
1976,Alcalde,Luis Prieto Ocampo (ene.-dic.),Luis Prieto Ocampo,Prieto,Segunda mitad S.XX (1960-1999)
1977,Alcalde,Bernardo Gaitán Mahecha (ene.-dic.),Bernardo Gaitán Mahecha,Gaitán,Segunda mitad S.XX (1960-1999)
1978,Alcaldes,Bernardo Gaitán Mahecha (ene.-ags.),Bernardo Gaitán Mahecha,Gaitán,Segunda mitad S.XX (1960-1999)
1979,Alcalde,Hernando Durán Dusán (ene.-dic.),Hernando Durán Dusán,Durán,Segunda mitad S.XX (1960-1999)
1980,Alcalde,Hernando Durán Dusán (ene.dic.),Hernando Durán Dusán,Durán,Segunda mitad S.XX (1960-1999)
1981,Alcalde,Hernando Durán Dusán (ene.-dic),Hernando Durán Dusán,Durán,Segunda mitad S.XX (1960-1999)
1982,Alcalde,Hernando Durán Dusán (ene.-ags.),Hernando Durán Dusán,Durán,Segunda mitad S.XX (1960-1999)
1983,Alcalde,Augusto Ramírez Ocampo (ene.-dic.),Augusto Ramírez Ocampo,Ramírez,Segunda mitad S.XX (1960-1999)
1984,Alcaldes,Augusto Ramírez Ocampo (ene.-jul.),Augusto Ramírez Ocampo,Ramírez,Segunda mitad S.XX (1960-1999)
1985,Alcaldes,Diego Pardo Koppel (ene.),Diego Pardo Koppel,Pardo,Segunda mitad S.XX (1960-1999)
1986,Alcalde,Diego Pardo Koppel (ene.),Diego Pardo Koppel,Pardo,Segunda mitad S.XX (1960-1999)
1987,Alcalde,Julio César Sánchez (ene.-dic.),Julio César Sánchez,César,Segunda mitad S.XX (1960-1999)
1988,Alcaldes,Julio César Sánchez (ene.-jun.),Julio César Sánchez,César,Segunda mitad S.XX (1960-1999)
1989,Alcalde,Andrés Pastrana Arango (ene.-dic.),Andrés Pastrana Arango,Pastrana,Segunda mitad S.XX (1960-1999)
1990,Alcaldes,Andrés Pastrana Arango (ene-may.),Andrés Pastrana Arango,Pastrana,Segunda mitad S.XX (1960-1999)
1991,Alcalde,Juan Martín Caicedo Ferrer (ene.-dic.),Juan Martín Caicedo Ferrer,Martín,Segunda mitad S.XX (1960-1999)
1992,Alcaldes,Juan Martín Caicedo Ferrer (ene.-mar.),Juan Martín Caicedo Ferrer,Martín,Segunda mitad S.XX (1960-1999)
1993,Alcalde,Jaime Castro (ene. - dic.),Jaime Castro,Castro,Segunda mitad S.XX (1960-1999)
1994,Alcalde,Jaime Castro (ene. - dic.),Jaime Castro,Castro,Segunda mitad S.XX (1960-1999)
1995,Alcalde,Antanas Mockus Sivickas (ene.-dic.),Antanas Mockus Sivickas,Mockus,Segunda mitad S.XX (1960-1999)
1996,Alcalde,Antanas Mockus Sivickas (ene.-dic.),Antanas Mockus Sivickas,Mockus,Segunda mitad S.XX (1960-1999)
1997,Alcaldes,Antanas Mockus Sivickas (ene.-abr. 9.),Antanas Mockus Sivickas,Mockus,Segunda mitad S.XX (1960-1999)
1998,Alcalde,Enrique Peñalosa Londoño (ene.-dic.),Enrique Peñalosa Londoño,Peñalosa,Segunda mitad S.XX (1960-1999)
1999,Alcalde,Enrique Peñalosa Londoño (ene.- dic.),Enrique Peñalosa Londoño,Peñalosa,Segunda mitad S.XX (1960-1999)
2000,Alcalde,Enrique Peñalosa Londoño (ene.- dic.),Enrique Peñalosa Londoño,Peñalosa,Siglo XXI (2000-hoy)
2001,Alcalde,Antanas Mockus Sivickas (ene.- dic.),Antanas Mockus Sivickas,Mockus,Siglo XXI (2000-hoy)
2002,Alcalde,Antanas Mockus Sivickas (ene.- dic.),Antanas Mockus Sivickas,Mockus,Siglo XXI (2000-hoy)
2003,"Alcalde
Alcalde",Antanas Mockus Sivickas (ene...) Luis Eduardo Garzón (ene...),Antanas Mockus Sivickas Luis Eduardo Garzón,Mockus,Siglo XXI (2000-hoy)
2008,Alcalde,Samuel Moreno Rojas María Fernanda Campo Saavedra Ver el Decreto Nacional 1390 de 2011 Clara Eugenia López Obregon Ver el Decreto Nacional 2035 de 2011,Samuel Moreno Rojas María Fernanda Campo Saavedra Ver el Decreto Nacional 1390 de 2011 Clara Eugenia López Obregon Ver el Decreto Nacional 2035 de 2011,Moreno,Siglo XXI (2000-hoy)
2012,Alcalde,Gustavo Petro U. Ver Acta de Posesión,Gustavo Petro U. Ver Acta de Posesión,Petro,Siglo XXI (2000-hoy)
2016,Alcalde,Enrique Peñalosa Londoño,Enrique Peñalosa Londoño,Peñalosa,Siglo XXI (2000-hoy)
2020,Alcaldesa,Claudia López Hernández,Claudia López Hernández,López,Siglo XXI (2000-hoy)
2024,Alcalde,Carlos Fernando Galán Pachón,Carlos Fernando Galán Pachón,Fernando,Siglo XXI (2000-hoy)
